form_name,field_name,label,help_text
DrainageNetworkFilterForm,group_2,group_2,
DrainageNetworkFilterForm,detail_11,Gräben,
DrainageNetworkFilterForm,detail_4,"Kanäle, unbeschattet",
DrainageNetworkFilterForm,detail_3,"Kanäle, beschattet",
DrainageNetworkFilterForm,group_5,group_5,
DrainageNetworkFilterForm,detail_9,"Flüsse und Ströme, naturnah, flachuferig mit Ufervegetation",
DrainageNetworkFilterForm,group_1,group_1,
DrainageNetworkFilterForm,detail_12,"Naturnahe, unbeschattete Bäche und kleine Flüsse",
DrainageNetworkFilterForm,detail_8,"Naturnahe, beschattete Bäche und kleine Flüsse",
DrainageNetworkFilterForm,group_3,group_3,
DrainageNetworkFilterForm,detail_7,"Begradigte, weitgehend naturferne Bäche und kleine Flüsse ohne Verbauung; beschattet",
DrainageNetworkFilterForm,detail_5,"Begradigte, weitgehend naturferne Bäche und kleine Flüsse ohne Verbauung; teilweise beschattet",
DrainageNetworkFilterForm,detail_2,"Begradigte, weitgehend naturferne Bäche und kleine Flüsse ohne Verbauung; unbeschattet",
DrainageNetworkFilterForm,group_4,group_4,
DrainageNetworkFilterForm,detail_10,Sammler,
DrainageNetworkFilterForm,detail_6,Drainage,
DrainageNetworkFilterForm,detail_1,Sauger,
DrainageProbabilityFilterForm,threshold,Schwellenwert ,
InfiltrationResultDownloadForm,result,Ergebnisdarstellung,
InfiltrationResultDownloadForm,sinks,Senken,
InfiltrationResultDownloadForm,enlarged_sinks,Vergrößerte Senken,
InfiltrationResultDownloadForm,timeseries,Ökologischer Mindestabfluss,
InjectionDownloadForm,raster,Rasterdaten,
InletWeightingsForm,weighting_inlet_length,Gewichtung der Länge der Zuleitung ,
InletWeightingsForm,weighting_inlet_volume,Gewichtung des Verhältnisses ökologischer Mindestabflusses zu Senkenvolumen ,
MarWeightingForm,aquifer_thickness,Mächtigkeit des Grundwasserleiters ,
MarWeightingForm,depth_groundwater,Tiefe zum Grundwasserleiter 2 ,
MarWeightingForm,hydraulic_conductivity,Hydraulische Leitfähigkeit ,
MarWeightingForm,land_use,Nutzung des Bodens ,
MarWeightingForm,distance_to_source_water,Entfernung zum Rohwasser ,
MarWeightingForm,distance_to_well,Entfernung zum Brunnen ,
OverallWeightingsForm,overall_usability,Gewichtung des Untergrundspeichervolumens ,
OverallWeightingsForm,soil_index,Gewichtung der Bodenbewertung ,
SiekerDrainageDownloadForm,probability_raster,Wahrscheinlichkeiten,
SiekerDrainageDownloadForm,drainage_network,Entwässerungsnetz,
SiekerDrainageDownloadForm,drained_areas,Entwässerte Flächen,
SiekerGekDownloadForm,map,Karte,
SiekerGekDownloadForm,geks,Gewässerentwicklungskonzepte,
SiekerSinkDownloadForm,result,Ergebnisdarstellung,
SiekerSinkDownloadForm,sinks,Senken,
SiekerSinkDownloadForm,timeseries,Ökologischer Mindestabfluss,
SiekerSurfaceWaterResultDownloadForm,lakes,Seen,
SiekerSurfaceWaterResultDownloadForm,stations,Pegelstationen,
SiekerSurfaceWaterResultDownloadForm,timeseries,Pegelzeitreihen,
SiekerWetlandDownloadForm,wetlands,Feuchtgebiete,
ToolboxProjectForm,user_field,Suchgebiet,
ToolboxProjectForm,project_type,Tool,
ToolboxProjectForm,project_id,project_id,
ToolboxProjectForm,name,Project Name,
ToolboxProjectForm,description,Description,
ToolboxProjectSelectionForm,toolbox_project,Projekt,
WeightingsAgricultureForm,field_capacity,Feldkapazität ,
WeightingsAgricultureForm,hydromorphy,Hydromorphie ,
WeightingsAgricultureForm,soil_type,Bodenart ,
WeightingsForestForm,field_capacity,Feldkapazität ,
WeightingsForestForm,hydraulic_conductivity_1m,Hydraulische Leitfähigkeit 1m ,
WeightingsForestForm,hydraulic_conductivity_2m,Hydraulische Leitfähigkeit 2m ,
WeightingsGrasslandForm,field_capacity,Feldkapazität ,
WeightingsGrasslandForm,hydromorphy,Hydromorphie ,
WeightingsGrasslandForm,soil_type,Bodenart ,
WeightingsGrasslandForm,soil_water_ratio,Bodenfeuchte ,
EnlargedSinkFilter,area,Fläche,
EnlargedSinkFilter,volume,Volumen,
EnlargedSinkFilter,depth,Tiefe,
EnlargedSinkFilter,volume_construction_barrier,Volumen der Verwallung,
EnlargedSinkFilter,volume_gained,Zusätzliches Volumen,
EnlargedSinkFilter,land_use,Landnutzung,
GekRetentionFilter,costs,Kosten,
GekRetentionFilter,landuse,Landnutzung,
GekRetentionFilter,priority,Priorität,
HistoricalWetlandsFilter,feasibility,Machbarkeit,
LakeFilter,mean_surplus_volume,Mittleres Überschussvolumen ,
LakeFilter,plus_days,Tage mit Überschuss,
LakeFilter,distance_to_userfield,Suchradius erweitern,
SiekerLargeLakeFilter,area_ha,Fläche,
SiekerLargeLakeFilter,vol_mio_m3,Volumen,
SiekerLargeLakeFilter,d_max_m,Max. Tiefe,
SiekerSinkFilter,volume,Volumen,
SiekerSinkFilter,depth,Tiefe,
SiekerSinkFilter,avg_depth,Durchschnittliche Tiefe,
SiekerSinkFilter,urbanarea_percent,Urbane Fläche,
SiekerSinkFilter,wetlands_percent,Feuchtgebiet,
SiekerSinkFilter,area,Fläche,
SiekerSinkFilter,feasibility,Umsetzbarkeit,
SinkFilter,area,Fläche,
SinkFilter,volume,Volumen,
SinkFilter,depth,Tiefe,
SinkFilter,land_use,Landnutzung,
StreamFilter,mean_surplus_volume,Mittleres Überschussvolumen,
StreamFilter,plus_days,Tage mit Überschuss,
StreamFilter,distance_to_userfield,Suchradius erweitern,
,,,
SuitabilityForm,thickness_lt_20,< 20m,
SuitabilityForm,thickness_20_to_30,20m - 30m,
SuitabilityForm,thickness_30_to_40,30m - 40m,
SuitabilityForm,thickness_40_to_60,40m - 60m,
SuitabilityForm,thickness_gt_60,> 60m,
SuitabilityForm,depth_lt_20,< 20m,
SuitabilityForm,depth_20_to_30,20m - 30m,
SuitabilityForm,depth_30_to_40,30m - 40m,
SuitabilityForm,depth_40_to_50,40m - 50m,
SuitabilityForm,depth_gt_50,> 50m,
SuitabilityForm,distance_lt_250,< 250m,
SuitabilityForm,distance_250_to_500,250m - 500m,
SuitabilityForm,distance_500_to_800,500m - 800m,
SuitabilityForm,distance_800_1200,800m - 1200m,
SuitabilityForm,distance_1200_to_1500,1200m - 1500m,
SuitabilityForm,distance_gt_1500,> 1500m,
SuitabilityForm,zone_1_and_2, Zone 1 und 2,
SuitabilityForm,zone_3,Zone 3 oder 30-Jahre Isochron,
SuitabilityForm,well_catchment,Im Einzugsgebiet,
SuitabilityForm,out_of_catchment_lt_5km,Außerhalb des Einzugsgebiets ,
SuitabilityForm,out_of_catchment_gt_5km,Außerhalb des Einzugsgebiets und 5km-Radius,
SuitabilityForm,conductivity_lt_5,< 5 K (m/d),
SuitabilityForm,conductivity_5_to_10,5 K (m/d) - 10 K (m/d),
SuitabilityForm,conductivity_10_to_20,10 K (m/d) - 20 K (m/d),
SuitabilityForm,conductivity_20_to_30,20 K (m/d) - 30 K (m/d),
SuitabilityForm,conductivity_gt_30,> 30 K (m/d),
SuitabilityForm,forest_closed_coniferous,Geschlossener Nadelwald,
SuitabilityForm,forest_closed_deciduous,Geschlossener Laubwald,
SuitabilityForm,forest_closed_mixed,Geschlossener Mischwald,
SuitabilityForm,forest_closed_unknown,Geschlossener Wald,
SuitabilityForm,forest_open_coniferous,Offener Nadelwald,
SuitabilityForm,forest_open_deciduous,Offener Laubwald,
SuitabilityForm,forest_open_mixed,Offener Mischwald,
SuitabilityForm,forest_open_unknown,Offener Wald,
SuitabilityForm,shrubs,Sträucher,
SuitabilityForm,herbaceous_vegetation,Krautvegetation,
SuitabilityForm,cropland,Ackerflächen,
SuitabilityForm,urban,Urbane Flächen,
SuitabilityForm,permanent_waterbodies,Gewässerflächen,
SuitabilityForm,herbaceous_wetland,Feuchtgebiete,
