continuous_datetime;Temperature (C);Pressure (mBar);Air Temperature (C);Barometric Pressure (mBar);Rainfall (mm);Pressure difference (mBar);Water level above sensor (cm);Absolute elevation of the sensor (m) ;Absolute Water level elevation (m) 
22.05.2023;19,3848;1055,67809999999;18,347;1013,199;0;42,4790999999999;43,3286819999999;37,836;38,26928682
23.05.2023;18,9345416666666;1053,69779166666;14,833;1007,655;2,78;46,0427916666667;46,9636475;37,836;38,305636475
24.05.2023;18,5188333333333;1060,82895833333;11,421;1011,684;0;49,1449583333333;50,1278574999999;37,836;38,337278575
25.05.2023;18,5803333333333;1064,43035416666;7,801;1017,515;0;46,9153541666665;47,8536612499999;37,836;38,3145366125
26.05.2023;19,6425416666666;1066,524;10,325;1019,68;0;46,8440000000001;47,7808800000001;37,836;38,3138088
27.05.2023;20,3488333333333;1066,95529166666;7,906;1023,208;0;43,7472916666666;44,6222375;37,836;38,282222375
28.05.2023;20,9006041666666;1061,10054166666;8,118;1017,4;0;43,7005416666667;44,5745525;37,836;38,281745525
29.05.2023;21,1736041666666;1060,97258333333;12,771;1014,583;0;46,3895833333334;47,3173750000001;37,836;38,30917375
30.05.2023;21,5216875;1063,42189583333;9,854;1017,39;0;46,0318958333333;46,95253375;37,836;38,3055253375
31.05.2023;21,6075833333333;1062,70439583333;12,305;1020,136;0;42,5683958333334;43,41976375;37,836;38,2701976375
01.06.2023;21,1626041666666;1056,09189583333;12,771;1012,881;0;43,2108958333334;44,0751137500001;37,836;38,2767511375
02.06.2023;20,9394375;1058,1971875;10,534;1010,895;0;47,3021874999999;48,2482312499999;37,836;38,3184823125
03.06.2023;20,6605416666666;1061,7346875;7,906;1017,823;0;43,9116875;44,78992125;37,836;38,2838992125
04.06.2023;21,3340208333333;1060,099125;7,589;1016,616;0;43,4831249999999;44,3527874999999;37,836;38,279527875
05.06.2023;21,9026041666666;1058,99520833333;10,43;1016,634;0;42,3612083333332;43,2084324999999;37,836;38,268084325
06.06.2023;22,0988958333333;1056,99058333333;16,316;1014,062;0;42,9285833333334;43,7871550000001;37,836;38,27387155
07.06.2023;22,2452708333333;1055,8479375;17,943;1013,514;0;42,3339374999999;43,1806162499999;37,836;38,2678061625
08.06.2023;23,0462083333333;1053,94241666666;19,105;1012,413;0;41,5294166666665;42,3600049999998;37,836;38,25960005
09.06.2023;23,6002916666666;1052,903375;18,903;1010,321;0;42,582375;43,4340225;37,836;38,270340225
10.06.2023;23,7782708333333;1054,30691666666;16,418;1010,967;0;43,3399166666666;44,206715;37,836;38,27806715
11.06.2023;23,7224791666666;1056,60364583333;18,398;1014,302;0;42,3016458333332;43,1476787499999;37,836;38,2674767875
12.06.2023;23,6851041666666;1056,059875;16,163;1014,873;0;41,1868749999998;42,0106124999998;37,836;38,256106125
13.06.2023;23,1829791666666;1052,38437499999;15,601;1011,597;0;40,7873749999998;41,6031224999998;37,836;38,252031225
14.06.2023;22,5938333333333;1053,937625;11,837;1012,971;0;40,966625;41,7859575;37,836;38,253859575
15.06.2023;22,832125;1052,63395833333;17,232;1012,656;0,01;39,9779583333333;40,7775175;37,836;38,243775175
16.06.2023;22,410875;1050,35583333333;15,857;1010,294;11,19;40,0618333333333;40,8630699999999;37,836;38,2446307
17.06.2023;21,9440208333333;1049,7265;13,649;1008,051;0,05;41,6754999999999;42,5090099999999;37,836;38,2610901
18.06.2023;22,5907916666666;1050,67864583333;12,875;1008,464;0;42,2146458333332;43,0589387499999;37,836;38,2665893875
19.06.2023;23,1745833333333;1050,09258333333;15,345;1009,4;0;40,6925833333333;41,506435;37,836;38,25106435
20.06.2023;23,3020625;1050,13275;18,752;1008,575;4,81;41,5577499999999;42,3889049999999;37,836;38,25988905
21.06.2023;23,4696458333333;1051,11577083333;20,161;1006,499;3,7;44,6167708333332;45,5091062499999;37,836;38,2910910625
22.06.2023;24,4054791666666;1055,10683333333;17,841;1013,06;15,56;42,0468333333333;42,8877699999999;37,836;38,2648777
23.06.2023;23,7609375;1056,1351875;17,08;1009,632;17,33;46,5031875;47,43325125;37,836;38,3103325125
24.06.2023;23,150125;1064,1504375;15,959;1015,622;0;48,5284374999999;49,4990062499999;37,836;38,3309900625
25.06.2023;23,5924791666666;1061,24177083333;14,833;1016,311;0;44,9307708333334;45,8293862500001;37,836;38,2942938625
26.06.2023;24,1715416666666;1055,54631249999;17,334;1011,122;13,09;44,4243124999999;45,3127987499999;37,836;38,2891279875
27.06.2023;23,5097916666666;1057,0940625;16,112;1008,707;6,93999999999999;48,3870625;49,35480375;37,836;38,3295480375
28.06.2023;22,49025;1056,829375;13,34;1009,01;0;47,819375;48,7757625;37,836;38,323757625
29.06.2023;22,416375;1055,81902083333;12,408;1011,227;0;44,5920208333333;45,4838612499999;37,836;38,2908386125
30.06.2023;22,6891875;1051,212;19,155;1005,561;2,96;45,6509999999999;46,5640199999999;37,836;38,3016402
01.07.2023;22,6075833333333;1046,70991666666;16,163;1003,896;0,71;42,8139166666667;43,670195;37,836;38,27270195
02.07.2023;22,3210833333333;1045,65652083333;17,486;997,63;0,7;48,0265208333333;48,98705125;37,836;38,3258705125
03.07.2023;21,6451249999999;1048,68654166666;14,473;1003,54;0;45,1465416666667;46,0494725;37,836;38,296494725
04.07.2023;21,46925;1050,458375;14,627;1004,81;0;45,6483749999999;46,5613424999999;37,836;38,301613425
05.07.2023;21,1935416666666;1049,76441666666;11,681;1009,104;0,04;40,6604166666666;41,4736249999999;37,836;38,25073625
06.07.2023;21,1198958333333;1055,3985;13,856;1009,24;0;46,1585;47,08167;37,836;38,3068167
07.07.2023;22,1536875;1059,54691666666;11,161;1015,635;0;43,9119166666666;44,790155;37,836;38,28390155
08.07.2023;24,0693125;1058,40172916666;14,268;1016,159;0;42,2427291666666;43,08758375;37,836;38,2668758375
09.07.2023;25,5400833333333;1058,2733125;18,044;1015,341;0;42,9323124999999;43,7909587499999;37,836;38,2739095875
10.07.2023;25,20675;1054,99470833333;19,357;1013,951;1,39;41,0437083333333;41,8645825;37,836;38,254645825
11.07.2023;25,3163125;1053,42704166666;16,52;1013,313;0;40,1140416666665;40,9163224999999;37,836;38,245163225
12.07.2023;24,9408125;1045,27937499999;20,01;1004,28;0;40,9993749999998;41,8193624999998;37,836;38,254193625
13.07.2023;24,125125;1050,39541666666;16,112;1007,099;0,65;43,2964166666666;44,162345;37,836;38,27762345
14.07.2023;24,1231666666666;1052,72591666666;15,038;1012,061;0,01;40,6649166666665;41,4782149999998;37,836;38,25078215
15.07.2023;24,8678749999999;1045,95185416666;16,978;1008,185;11,09;37,7668541666666;38,52219125;37,836;38,2212219125
16.07.2023;24,97775;1047,80210416666;20,261;1002,265;0,63;45,5371041666666;46,4478462499999;37,836;38,3004784625
17.07.2023;24,3830416666666;1050,95677083333;15,448;1009,948;0;41,0087708333334;41,82894625;37,836;38,2542894625
18.07.2023;23,8360625;1052,96954166666;17,232;1014,123;0;38,8465416666665;39,6234724999998;37,836;38,232234725
19.07.2023;23,5453541666666;1045,64270833333;12,978;1009,105;0,72;36,5377083333332;37,2684624999999;37,836;38,208684625
20.07.2023;23,3793958333333;1045,69229166666;15,294;1004,845;0;40,8472916666667;41,6642375;37,836;38,252642375
21.07.2023;22,7115208333333;1045,30185416666;11,317;1007,5;3,51;37,8018541666667;38,5578912500001;37,836;38,2215789125
22.07.2023;22,3045;1046,42972916666;11,837;1005,032;0;41,3977291666666;42,2256837499999;37,836;38,2582568375
23.07.2023;22,0171875;1042,92366666666;13,495;1006,025;0,53;36,8986666666666;37,6366399999999;37,836;38,2123664
24.07.2023;22,1320208333333;1037,17252083333;15,243;1001,947;18,4199999999999;35,2255208333334;35,9300312500001;37,836;38,1953003125
25.07.2023;21,9678124999999;1039,45189583333;15,499;996,436;0,02;43,0158958333332;43,8762137499999;37,836;38,2747621375
26.07.2023;21,5097083333333;1045,6134375;16,01;1000,781;1,33;44,8324374999999;45,7290862499999;37,836;38,2932908625
27.07.2023;21,2806458333333;1045,83758333333;12,253;1006,225;5,22;39,6125833333331;40,4048349999998;37,836;38,24004835
28.07.2023;21,095375;1042,82585416666;15,652;998,084;10,06;44,7418541666667;45,63669125;37,836;38,2923669125
29.07.2023;21,2640624999999;1046,25872916666;16,877;1002,669;9,01;43,5897291666666;44,4615237499999;37,836;38,2806152375
30.07.2023;21,3076875;1049,03029166666;16,418;1002,025;2,15;47,0052916666667;47,9453975;37,836;38,315453975
31.07.2023;21,182375;1047,81189583333;15,55;1006,002;1,12;41,8098958333332;42,6460937499999;37,836;38,2624609375
01.08.2023;20,9635416666666;1038,428375;17,639;996,867;7,38;41,561375;42,3926025;37,836;38,259926025
02.08.2023;20,9642083333333;1038,60414583333;15,038;995,936;0,46;42,6681458333333;43,52150875;37,836;38,2712150875
03.08.2023;20,9085416666666;1037,13122916666;17,892;987,807;12,04;49,3242291666665;50,3107137499998;37,836;38,3391071375
04.08.2023;20,8576041666666;1047,42464583333;15,601;998,685;0;48,7396458333335;49,7144387500001;37,836;38,3331443875
05.08.2023;21,2149583333333;1050,5366875;13,34;1008,254;0;42,2826874999999;43,1283412499999;37,836;38,2672834125
06.08.2023;20,876375;1042,54152083333;16,061;1003,348;26,46;39,1935208333334;39,97739125;37,836;38,2357739125
07.08.2023;20,38175;1042,70666666666;13,649;996,66;0,5;46,0466666666667;46,9676;37,836;38,305676
08.08.2023;19,6849583333333;1047,1981875;14,679;1003,736;22,62;43,4621874999999;44,3314312499999;37,836;38,2793143125
09.08.2023;19,3799791666666;1052,34233333333;11,941;1005,342;0,02;47,0003333333332;47,9403399999999;37,836;38,3154034
10.08.2023;19,2586875;1058,42279166666;13,391;1013,468;0;44,9547916666666;45,8538875;37,836;38,294538875
11.08.2023;19,7050833333333;1059,451;10,168;1015,483;0;43,968;44,84736;37,836;38,2844736
12.08.2023;21,0727083333333;1055,24045833333;15,652;1015,113;22,88;40,1274583333333;40,9300075;37,836;38,245300075
13.08.2023;21,4723125;1055,6995;19,407;1009,75;0,08;45,9494999999999;46,8684899999999;37,836;38,3046849
14.08.2023;23,1590625;1055,08358333333;18,094;1011,378;1,06;43,7055833333332;44,5796949999999;37,836;38,28179695
15.08.2023;23,8535625;1055,82639583333;18,347;1009,506;29,28;46,3203958333334;47,2468037500001;37,836;38,3084680375
16.08.2023;25,3134166666666;1060,30008333333;22,259;1011,528;0;48,7720833333332;49,7475249999999;37,836;38,33347525
17.08.2023;25,0797916666666;1059,7245625;19,407;1015,102;0;44,6225625;45,51501375;37,836;38,2911501375
18.08.2023;25,3395208333333;1057,57816666666;20,111;1013,07;0;44,5081666666666;45,3983299999999;37,836;38,2899833
19.08.2023;26,2675416666666;1057,00358333333;20,361;1011,765;0;45,2385833333333;46,143355;37,836;38,29743355
20.08.2023;25,6929791666666;1058,88379166666;21,662;1012,407;0;46,4767916666666;47,4063274999999;37,836;38,310063275
21.08.2023;25,5305833333333;1060,36945833333;20,261;1016,618;0;43,7514583333332;44,6264874999999;37,836;38,282264875
22.08.2023;24,988125;1057,47;18,398;1015,676;0;41,7939999999999;42,6298799999999;37,836;38,2622988
23.08.2023;24,0657291666666;1055,8735625;13,649;1013,3;0;42,5735624999999;43,4250337499999;37,836;38,2702503375
24.08.2023;23,9318958333333;1053,273625;14,781;1012,891;0;40,382625;41,1902775;37,836;38,247902775
25.08.2023;24,2439375;1045,71875;19,759;1005,063;1,4;40,65575;41,468865;37,836;38,25068865
26.08.2023;23,6636666666666;1046,4759375;18,701;1002,88;0,52;43,5959375000001;44,4678562500001;37,836;38,2806785625
27.08.2023;22,9280208333333;1046,88670833333;15,55;1006,333;1,92;40,5537083333332;41,3647824999999;37,836;38,249647825
28.08.2023;22,1950625;1047,08922916666;15,601;1003,651;0;43,4382291666667;44,30699375;37,836;38,2790699375
29.08.2023;21,4579375;1044,96685416666;14,473;1004,816;6,72;40,1508541666667;40,95387125;37,836;38,2455387125
30.08.2023;20,9988125;1043,43627083333;13,236;1002,224;0;41,2122708333332;42,0365162499999;37,836;38,2563651625
31.08.2023;20,3588333333333;1045,00783333333;12,356;999,967;1,82;45,0408333333333;45,94165;37,836;38,2954165
01.09.2023;19,8797708333333;1050,709875;11,785;1006,153;0;44,5568749999999;45,4480124999999;37,836;38,290480125
02.09.2023;19,698375;1056,58689583333;11,941;1010,587;0;45,9998958333333;46,9198937499999;37,836;38,3051989375
03.09.2023;19,5305416666666;1061,960875;11,265;1016,891;0;45,069875;45,9712725;37,836;38,295712725
04.09.2023;19,90725;1064,51235416666;12,356;1022,561;0;41,9513541666666;42,7903812499999;37,836;38,2639038125
05.09.2023;20,9145625;1060,97197916666;13,649;1020,82;0;40,1519791666665;40,9550187499999;37,836;38,2455501875
06.09.2023;21,7861041666666;1059,77633333333;13,495;1016,9;0;42,8763333333334;43,7338600000001;37,836;38,2733386
07.09.2023;22,2470208333333;1060,60264583333;14,37;1018,505;0;42,0976458333333;42,93959875;37,836;38,2653959875
08.09.2023;22,519875;1057,66385416666;15,243;1017,415;0;40,2488541666666;41,0538312499999;37,836;38,2465383125
09.09.2023;22,4645416666666;1054,3251875;14,73;1013,587;0;40,7381875;41,5529512500001;37,836;38,2515295125
10.09.2023;22,0668958333333;1052,69689583333;14,268;1011,666;0;41,0308958333333;41,85151375;37,836;38,2545151375
11.09.2023;22,0943541666666;1049,63295833333;14,268;1010,578;0;39,0549583333333;39,8360575;37,836;38,234360575
12.09.2023;22,3412916666666;1047,58466666666;14,884;1006,297;0;41,2876666666666;42,1134199999999;37,836;38,2571342
13.09.2023;22,2262083333333;1048,47658333333;18,246;1006,448;27,24;42,0285833333333;42,869155;37,836;38,26469155
14.09.2023;21,4672291666666;1057,68772916666;14,216;1013,261;0;44,4267291666667;45,31526375;37,836;38,2891526375
15.09.2023;21,2883958333333;1058,39322916666;8,645;1017,618;0,02;40,7752291666666;41,59073375;37,836;38,2519073375
16.09.2023;21,1985624999999;1053,74541666666;12,978;1014,779;0;38,9664166666666;39,7457449999999;37,836;38,23345745
17.09.2023;21,9124583333333;1051,25591666666;14,165;1009,653;0;41,6029166666667;42,434975;37,836;38,26034975
18.09.2023;21,7349166666666;1045,25095833333;16,112;1008,282;0,38;36,9689583333332;37,7083374999999;37,836;38,213083375
19.09.2023;20,601;1044,70754166666;16,775;1001,554;0;43,1535416666666;44,0166125;37,836;38,276166125
20.09.2023;19,9777916666666;1045,72810416666;14,73;1005,783;0;39,9451041666667;40,74400625;37,836;38,2434400625
21.09.2023;20,568125;1039,21641666666;13,443;1002,798;0;36,4184166666666;37,1467849999999;37,836;38,20746785
22.09.2023;20,1680416666666;1038,12891666666;16,418;992,898;9,14;45,2309166666667;46,1355350000001;37,836;38,29735535
23.09.2023;19,2190625;1047,74445833333;12,823;1001,692;0;46,0524583333333;46,9735075;37,836;38,305735075
24.09.2023;18,8535625;1060,72675;9,434;1014,264;0;46,46275;47,392005;37,836;38,30992005
25.09.2023;18,773;1062,16777083333;6,9;1023,355;0;38,8127708333333;39,58902625;37,836;38,2318902625
26.09.2023;19,1224583333333;1058,27339583333;11,108;1019,782;0;38,4913958333332;39,2612237499999;37,836;38,2286122375
27.09.2023;19,7113333333333;1055,83252083333;14,833;1015,412;0;40,4205208333332;41,2289312499999;37,836;38,2482893125
28.09.2023;19,4947916666666;1052,63127083333;13,701;1012,036;0;40,5952708333333;41,4071762499999;37,836;38,2500717625
29.09.2023;18,9315208333333;1052,00552083333;12,46;1012,422;0,24;39,5835208333332;40,3751912499999;37,836;38,2397519125
30.09.2023;18,415;1058,14058333333;19,457;1011,989;0;46,1515833333332;47,0746149999999;37,836;38,30674615
01.10.2023;18,0194166666666;1058,17666666666;10,848;1019,291;0,08;38,8856666666666;39,66338;37,836;38,2326338
02.10.2023;18,232375;1055,08643749999;14,627;1016,729;0;38,3574374999998;39,1245862499998;37,836;38,2272458625
03.10.2023;18,3280624999999;1047,21729166666;14,679;1010,83;15,24;36,3872916666665;37,1150374999998;37,836;38,207150375
04.10.2023;17,73475;1057,77191666666;12,46;1013,604;0;44,1679166666667;45,0512750000001;37,836;38,28651275
05.10.2023;17,0901666666666;1056,44139583333;12,253;1016,103;7,97999999999999;40,3383958333332;41,1451637499999;37,836;38,2474516375
06.10.2023;16,720875;1056,8884375;11,889;1018,752;4,56;38,1364375;38,89916625;37,836;38,2249916625
07.10.2023;16,4398541666666;1049,77604166666;16,163;1009,809;31,3;39,9670416666667;40,7663825000001;37,836;38,243663825
08.10.2023;16,1666458333333;1059,76052083333;10,325;1010,938;0,86;48,8225208333332;49,7989712499998;37,836;38,3339897125
09.10.2023;15,4810625;1056,09533333333;8,487;1017,959;7,04;38,1363333333334;38,8990600000001;37,836;38,2249906
10.10.2023;15,3020833333333;1055,51283333333;9,434;1013,272;4;42,2408333333334;43,08565;37,836;38,2668565
11.10.2023;15,4203958333333;1049,071125;13,495;1009,335;0;39,7361249999999;40,5308474999999;37,836;38,241308475
12.10.2023;15,5166458333333;1049,7539375;18,953;1003,375;6,9;46,3789374999998;47,3065162499998;37,836;38,3090651625
13.10.2023;15,4427083333333;1047,6438125;12,564;1009,14;0,92;38,5038124999999;39,2738887499999;37,836;38,2287388875
14.10.2023;15,46475;1043,13433333333;18,449;996,565;6,74;46,5693333333333;47,50072;37,836;38,3110072
15.10.2023;14,6214374999999;1051,30264583333;8,592;1006,508;0;44,7946458333333;45,69053875;37,836;38,2929053875
16.10.2023;13,7398125;1056,9356875;5,996;1013,004;0;43,9316875;44,81032125;37,836;38,2841032125
17.10.2023;13,0285416666666;1058,57697916666;1,584;1016,997;0;41,5799791666667;42,41157875;37,836;38,2601157875
18.10.2023;12,4183958333333;1052,4214375;-1,038;1014,924;0;37,4974374999999;38,2473862499999;37,836;38,2184738625
19.10.2023;11,7227708333333;1038,1525;5,302;1002,288;5,58;35,8644999999999;36,5817899999999;37,836;38,2018179
20.10.2023;10,807;1030,5911875;6,368;991,24;15,1;39,3511874999999;40,1382112499999;37,836;38,2373821125
21.10.2023;10,6661666666666;1035,70085416666;5,836;986,508;0;49,1928541666666;50,1767112499999;37,836;38,3377671125
22.10.2023;10,9489166666666;1046,37497916666;8,487;999,685;10,7;46,6899791666667;47,62377875;37,836;38,3122377875
23.10.2023;10,9055833333333;1052,8931875;10,952;1007,786;0,02;45,1071875000001;46,0093312500001;37,836;38,2960933125
24.10.2023;10,8644166666666;1046,09429166666;8,065;1007,282;27,44;38,8122916666665;39,5885374999998;37,836;38,231885375
25.10.2023;10,96625;1041,7260625;11,369;996,79;0,22;44,9360625000001;45,8347837500001;37,836;38,2943478375
26.10.2023;10,7831666666666;1035,58420833333;8,54;990,449;15,96;45,1352083333334;46,0379125000001;37,836;38,296379125
27.10.2023;10,8124166666666;1035,941;9,171;990,831;6,28;45,11;46,0122;37,836;38,296122
28.10.2023;10,833;1041,75885416666;8,118;991,485;21,12;50,2738541666666;51,2793312499999;37,836;38,3487933125
29.10.2023;10,8925833333333;1043,508;7,959;997,582;14,1;45,926;46,84452;37,836;38,3044452
30.10.2023;10,8525;1045,68979166666;11,369;995,515;0;50,1747916666666;51,1782875;37,836;38,347782875
31.10.2023;10,9336666666666;1041,8413125;10,639;991,134;8,52;50,7073124999999;51,7214587499999;37,836;38,3532145875
01.11.2023;10,8438333333333;1051,65343749999;6,9;1002,016;0;49,6374374999999;50,6301862499999;37,836;38,3423018625
02.11.2023;10,8633333333333;1039,4084375;9,014;995,891;4,84;43,5174375;44,38778625;37,836;38,2798778625
03.11.2023;10,7344166666666;1032,33672916666;9,697;981,047;1,4;51,2897291666665;52,3155237499999;37,836;38,3591552375
04.11.2023;10,47875;1033,77827083333;8,54;983,468;1,04;50,3102708333332;51,3164762499998;37,836;38,3491647625
05.11.2023;10,19375;1026,097125;7,324;977,021;14,14;49,076125;50,0576475;37,836;38,336576475
06.11.2023;10,2165833333333;1043,75025;9,644;983,913;0,6;59,83725;61,033995;37,836;38,44633995
07.11.2023;9,9394375;1054,14364583333;8,645;1001,233;0;52,9106458333333;53,9688587499999;37,836;38,3756885875
08.11.2023;9,67735416666666;1056,24341666666;6,9;1005,603;0,9;50,6404166666667;51,653225;37,836;38,35253225
09.11.2023;9,3606875;1050,2905;3,154;1005,54;1,58;44,7505000000001;45,6455100000001;37,836;38,2924551
10.11.2023;9,25064583333333;1045,1365625;8,17;996,64;0;48,4965625;49,4664937500001;37,836;38,3306649375
11.11.2023;8,94397916666666;1045,84204166666;3,962;995,322;0,14;50,5200416666665;51,5304424999998;37,836;38,351304425
12.11.2023;8,78908333333333;1050,46729166666;5,409;999,574;2,08;50,8932916666666;51,9111574999999;37,836;38,355111575
13.11.2023;8,49939583333333;1050,53025;2,992;1004,472;12,64;46,05825;46,979415;37,836;38,30579415
14.11.2023;8,51802083333333;1043,029625;7,536;992,014;8,7;51,0156249999998;52,0359374999998;37,836;38,356359375
15.11.2023;8,5520625;1052,15720833333;8,961;994,416;11,84;57,7412083333332;58,8960324999999;37,836;38,424960325
16.11.2023;8,34404166666666;1055,99560416666;4,82;1008,462;2,4;47,5336041666666;48,48427625;37,836;38,3208427625
17.11.2023;7,78416666666666;1058,04064583333;0,714;1004,071;0,88;53,9696458333334;55,04903875;37,836;38,3864903875
18.11.2023;7,544;1067,31185416666;4,123;1015,493;0,02;51,8188541666664;52,8552312499998;37,836;38,3645523125
19.11.2023;7,13941666666666;1053,753125;2,83;1013,261;27,48;40,4921249999999;41,3019674999999;37,836;38,249019675
20.11.2023;7,39122916666666;1051,61847916666;8,856;1000,715;6,56;50,9034791666666;51,92154875;37,836;38,3552154875
21.11.2023;7,20972916666666;1061,14791666666;8,223;1002,079;1,08;59,0689166666666;60,2502949999999;37,836;38,43850295
22.11.2023;6,39445833333333;1073,73041666666;-1,148;1019,764;0;53,9664166666665;55,0457449999998;37,836;38,38645745
23.11.2023;6,17254166666666;1056,19510416666;-0,27;1016,407;5,46;39,7881041666665;40,5838662499999;37,836;38,2418386625
24.11.2023;6,15929166666666;1043,92029166666;7,218;993,453;4,4;50,4672916666666;51,4766374999999;37,836;38,350766375
25.11.2023;5,69775;1048,954125;0,168;992,676;1,52;56,2781249999999;57,4036874999999;37,836;38,410036875
26.11.2023;5,17885416666666;1057,39191666666;-1,918;1003,866;0;53,5259166666667;54,596435;37,836;38,38196435
27.11.2023;4,50674999999999;1052,5691875;-2,415;1006,721;0,4;45,8481874999999;46,7651512499999;37,836;38,3036515125
28.11.2023;3,82752083333333;1046,88972916666;-0,763;994,371;0,78;52,5187291666667;53,56910375;37,836;38,3716910375
29.11.2023;3,72241666666666;1048,22629166666;-4,971;1001,626;3,26;46,6002916666666;47,5322974999999;37,836;38,311322975
30.11.2023;3,45220833333333;1049,33185416666;-0,106;996,826;0;52,5058541666667;53,55597125;37,836;38,3715597125
01.12.2023;3,27895833333333;1051,9883125;-9,997;1001,164;0;50,8243124999999;51,8407987499999;37,836;38,3544079875
02.12.2023;3,11010416666666;1055,8666875;-7,442;1005,333;0;50,5336875000001;51,5443612500001;37,836;38,3514436125
03.12.2023;3,0319375;1065,08658333333;-2,305;1010,977;0,12;54,1095833333334;55,1917750000001;37,836;38,38791775
04.12.2023;3,00733333333333;1063,48883333333;-4,524;1017,878;0;45,6108333333332;46,5230499999999;37,836;38,3012305
05.12.2023;3,05202083333333;1055,97033333333;-4,023;1008,083;0;47,8873333333334;48,8450800000001;37,836;38,3244508
06.12.2023;3,0720625;1057,66572916666;-1,038;1006,675;1,52;50,9907291666668;52,0105437500001;37,836;38,3561054375
07.12.2023;3,29789583333333;1064,23625;0,659;1012,076;0;52,1602500000001;53,2034550000001;37,836;38,36803455
08.12.2023;3,74033333333333;1059,77070833333;0,441;1014,304;0,64;45,4667083333332;46,3760424999999;37,836;38,299760425
09.12.2023;3,9144375;1055,27714583333;0,277;1008,714;1,28;46,5631458333333;47,49440875;37,836;38,3109440875
10.12.2023;4,07722916666666;1047,73527083333;2,181;996,263;17,62;51,4722708333332;52,5017162499999;37,836;38,3610171625
11.12.2023;4,45352083333333;1043,92012499999;5,836;995,749;20,1;48,1711249999998;49,1345474999998;37,836;38,327345475
12.12.2023;4,56047916666666;1052,73002083333;7,271;997,569;0,58;55,1610208333333;56,26424125;37,836;38,3986424125
13.12.2023;3,48414583333333;1049,8623125;1,964;997,78;12,46;52,0823124999999;53,1239587499999;37,836;38,3672395875
14.12.2023;3,541625;1062,9851875;3,8;999,817;0,1;63,1681874999999;64,4315512499999;37,836;38,4803155125
15.12.2023;3,67220833333333;1078,9085625;1,149;1019,327;0,62;59,5815625;60,77319375;37,836;38,4437319375
16.12.2023;3,85977083333333;1083,205375;5,516;1029,238;0,04;53,9673749999999;55,0467224999999;37,836;38,386467225
17.12.2023;3,98577083333333;1080,14172916666;8,17;1027,712;0;52,4297291666666;53,47832375;37,836;38,3707832375
18.12.2023;4,01364583333333;1075,2411875;4,177;1024,235;0;51,0061875000001;52,0263112500001;37,836;38,3562631125
19.12.2023;4,1173125;1064,6250625;4,499;1016,89;18,26;47,7350625;48,68976375;37,836;38,3228976375
20.12.2023;4,2265625;1055,67997916666;5,516;1004,078;11,7;51,6019791666667;52,63401875;37,836;38,3623401875
21.12.2023;4,30670833333333;1039,04110416666;3,639;998,23;44,7;40,8111041666666;41,6273262499999;37,836;38,2522732625
22.12.2023;4,2119375;1037,78270833333;5,141;978,731;0,4;59,0517083333334;60,2327425;37,836;38,438327425
23.12.2023;3,77283333333333;1048,03314583333;0,55;988,591;2,04;59,4421458333332;60,6309887499999;37,836;38,4423098875
24.12.2023;3,54487499999999;1049,39881249999;1,801;998,081;34,16;51,3178124999998;52,3441687499998;37,836;38,3594416875
25.12.2023;4,07608333333333;1051,56860416666;9,906;990,014;6,34;61,5546041666665;62,7856962499998;37,836;38,4638569625
26.12.2023;4,423625;1058,28575;8,276;999,259;17,38;59,0267499999999;60,2072849999999;37,836;38,43807285
27.12.2023;4,40570833333333;1071,51629166666;4,927;1011,457;0;60,0592916666665;61,2604774999999;37,836;38,448604775
28.12.2023;4,19762499999999;1063,0565625;3,1;1007,699;0,459999999999999;55,3575625000002;56,4647137500002;37,836;38,4006471375
29.12.2023;4,3534375;1057,97477083333;7,43;1004,966;6,34;53,0087708333334;54,06894625;37,836;38,3766894625
30.12.2023;4,58160416666666;1060,53508333333;7,695;999,268;3,44;61,2670833333334;62,492425;37,836;38,46092425
31.12.2023;4,40229166666666;1058,66129166666;2,938;1008,423;0,12;50,2382916666665;51,2430574999998;37,836;38,348430575
01.01.2024;4,40454166666666;1055,13166666666;5,141;1000,085;1,22;55,0466666666666;56,1475999999999;37,836;38,397476
02.01.2024;4,32785416666666;1050,47227083333;5,516;1002,049;19,28;48,4232708333333;49,39173625;37,836;38,3299173625
03.01.2024;4,4913125;1040,19047916666;6,847;984,554;5,32;55,6364791666666;56,7492087499999;37,836;38,4034920875
04.01.2024;4,70489583333333;1046,67933333333;8,698;984,825;5,46;61,8543333333332;63,0914199999998;37,836;38,4669142
05.01.2024;4,13947916666666;1056,77345833333;0,004;1002,921;5,82;53,8524583333332;54,9295074999999;37,836;38,385295075
06.01.2024;3,63760416666666;1061,166875;0,113;1000,77;0;60,3968750000001;61,6048125000001;37,836;38,452048125
07.01.2024;2,907375;1071,932125;-1,753;1013,219;0;58,7131249999999;59,8873874999999;37,836;38,434873875
08.01.2024;1,60766666666666;1082,04775;-8,631;1024,249;0;57,7987499999999;58,9547249999999;37,836;38,42554725
09.01.2024;1,4085;1086,5523125;-9,769;1034,666;0;51,8863125;52,92403875;37,836;38,3652403875
10.01.2024;1,65841666666666;1082,47745833333;-11,257;1033,076;0;49,4014583333332;50,3894874999999;37,836;38,339894875
11.01.2024;1,769625;1077,66472916666;-11,027;1029,12;0;48,5447291666666;49,51562375;37,836;38,3311562375
12.01.2024;1,76175;1075,835;-0,106;1025,394;0;50,441;51,44982;37,836;38,3504982
13.01.2024;1,796875;1063,14695833333;0,604;1017,585;4,24;45,5619583333334;46,4731975000001;37,836;38,300731975
14.01.2024;1,839875;1050,20304166666;2,072;1000,533;1,54;49,6700416666666;50,6634424999999;37,836;38,342634425
15.01.2024;1,93254166666666;1041,62608333333;1,04;989,613;1,72;52,0130833333332;53,0533449999999;37,836;38,36653345
16.01.2024;1,9460625;1053,030875;-0,983;994,858;0,78;58,1728750000002;59,3363325000002;37,836;38,429363325
17.01.2024;1,9951875;1045,6071875;-1,148;1000,769;2,54;44,8381875;45,73495125;37,836;38,2933495125
18.01.2024;2,00506249999999;1044,31904166666;-2,305;983,614;0;60,7050416666666;61,9191424999999;37,836;38,455191425
19.01.2024;2,06662499999999;1061,85785416666;-6,878;1003,771;0;58,0868541666668;59,2485912500001;37,836;38,4284859125
20.01.2024;2,100375;1072,55570833333;-1,588;1015,505;0;57,0507083333333;58,1917224999999;37,836;38,417917225
21.01.2024;2,1105;1074,01320833333;-4,636;1025,172;0;48,8412083333332;49,8180324999999;37,836;38,334180325
22.01.2024;2,21175;1058,74620833333;2,127;1014,311;3,7;44,4352083333332;45,3239124999998;37,836;38,289239125
23.01.2024;2,322;1064,46770833333;5,141;1006,406;0,3;58,0617083333334;59,2229425;37,836;38,428229425
24.01.2024;2,54433333333333;1058,52875;4,391;1012,102;26,64;46,4267499999999;47,3552849999999;37,836;38,30955285
25.01.2024;2,58120833333333;1068,36097916666;7,853;1009,5;0;58,8609791666665;60,0381987499998;37,836;38,4363819875
26.01.2024;2,93658333333333;1069,21835416666;4,391;1020,503;7,12;48,7153541666665;49,6896612499998;37,836;38,3328966125
27.01.2024;3,0755;1078,58258333333;5,088;1018,334;0;60,2485833333333;61,453555;37,836;38,45053555
28.01.2024;3,1346875;1083,61864583333;-1,918;1031,115;0;52,5036458333333;53,55371875;37,836;38,3715371875
29.01.2024;3,10785416666666;1078,55491666666;-1,973;1027,617;0;50,9379166666667;51,956675;37,836;38,35556675
30.01.2024;3,35279166666666;1076,75002083333;-0,983;1025,071;0;51,6790208333334;52,71260125;37,836;38,3631260125
31.01.2024;3,4186875;1077,17645833333;6,953;1022,328;0;54,8484583333333;55,9454275;37,836;38,395454275
01.02.2024;3,37297916666666;1070,59977083333;5,195;1016,515;3,08;54,0847708333332;55,1664662499998;37,836;38,3876646625
02.02.2024;3,48239583333333;1071,16052083333;4,874;1020,696;1,04;50,4645208333332;51,4738112499999;37,836;38,3507381125
03.02.2024;3,83064583333333;1065,42716666666;7,218;1011,763;7,08;53,6641666666665;54,7374499999999;37,836;38,3833745
04.02.2024;4,14302083333333;1062,40883333333;6,368;1011,763;4,34;50,6458333333331;51,6587499999998;37,836;38,3525875
05.02.2024;4,43681249999999;1057,94016666666;6,102;1003,683;28,36;54,2571666666665;55,3423099999998;37,836;38,3894231
06.02.2024;4,93589583333333;1053,94941666666;8,961;1003,148;3,54;50,8014166666665;51,8174449999999;37,836;38,35417445
07.02.2024;5,26420833333333;1050,79341666666;8,276;992,842;13,92;57,9514166666666;59,1104449999999;37,836;38,42710445
08.02.2024;4,78939583333333;1052,46675;-2,305;999,905;3,94;52,56175;53,612985;37,836;38,37212985
09.02.2024;4,49470833333333;1043,68466666666;0,168;993,335;15,24;50,3496666666667;51,35666;37,836;38,3495666
10.02.2024;5,03433333333333;1042,5195;5,355;985,795;6,04;56,7245000000001;57,8589900000001;37,836;38,4145899
11.02.2024;5,28654166666666;1041,7469375;8,75;986,252;8,82;55,4949375000001;56,6048362500001;37,836;38,4020483625
12.02.2024;5,33314583333333;1049,97122916666;6,794;987,418;6,48;62,5532291666667;63,80429375;37,836;38,4740429375
13.02.2024;5,19664583333333;1065,932375;3,693;1003,945;0;61,987375;63,2271225;37,836;38,468271225
14.02.2024;5,0025;1068,10804166666;-0,818;1014,485;2,96;53,6230416666666;54,6955024999999;37,836;38,382955025
15.02.2024;5,24110416666666;1067,721875;8,382;1012,219;0,7;55,5028749999999;56,6129324999999;37,836;38,402129325
16.02.2024;5,59454166666666;1064,81039583333;10,377;1010,904;5,84;53,9063958333333;54,98452375;37,836;38,3858452375
17.02.2024;5,80025;1075,02554166666;11,577;1012,055;0,22;62,9705416666666;64,2299525;37,836;38,478299525
18.02.2024;6,12727083333333;1078,5859375;5,889;1029,082;2,94;49,5039374999998;50,4940162499998;37,836;38,3409401625
19.02.2024;6,34258333333333;1066,75016666666;7,324;1012,212;25,14;54,5381666666667;55,62893;37,836;38,3922893
20.02.2024;6,43975;1070,84177083333;7,959;1013,774;4,42;57,0677708333333;58,20912625;37,836;38,4180912625
21.02.2024;6,52477083333333;1065,25758333333;7,112;1016,13;1,74;49,1275833333332;50,1101349999999;37,836;38,33710135
22.02.2024;6,60758333333333;1045,4484375;6,687;1001,309;7,2;44,1394374999999;45,0222262499999;37,836;38,2862222625
23.02.2024;6,78395833333333;1043,69622916666;9,487;980,102;0,02;63,5942291666666;64,8661137499999;37,836;38,4846611375
24.02.2024;6,58216666666666;1051,49162499999;1,04;994,371;0;57,1206249999999;58,2630374999999;37,836;38,418630375
25.02.2024;6,58183333333333;1055,25579166666;1,04;1002,57;4,72;52,6857916666666;53,7395074999999;37,836;38,373395075
26.02.2024;6,63264583333333;1055,25114583333;0,058;999,914;0;55,3371458333333;56,44388875;37,836;38,4004388875
27.02.2024;6,61310416666666;1063,11016666666;4,338;1006,006;0,12;57,1041666666666;58,2462499999999;37,836;38,4184625
28.02.2024;6,46183333333333;1068,8839375;3,854;1013,081;0;55,8029374999999;56,9189962499999;37,836;38,4051899625
29.02.2024;6,15147916666666;1065,72854166666;-2,36;1018,04;0;47,6885416666666;48,6423124999999;37,836;38,322423125
01.03.2024;6,7431875;1055,66489583333;6,528;1004,53;0;51,1348958333333;52,1575937499999;37,836;38,3575759375
02.03.2024;6,99054166666666;1054,86770833333;6,528;1001,652;0,4;53,2157083333333;54,2800225;37,836;38,378800225
03.03.2024;7,42291666666666;1053,51445833333;6,581;1001,994;0;51,5204583333332;52,5508674999999;37,836;38,361508675
04.03.2024;7,55597916666666;1056,88008333333;8,434;1000,523;0;56,3570833333332;57,4842249999998;37,836;38,41084225
05.03.2024;7,230625;1063,6380625;7,324;1007,869;0;55,7690624999999;56,8844437499999;37,836;38,4048444375
06.03.2024;6,811375;1070,7303125;-1,312;1015,355;0;55,3753125;56,48281875;37,836;38,4008281875
07.03.2024;6,7220625;1073,48875;5,409;1021,045;0;52,44375;53,492625;37,836;38,37092625
08.03.2024;6,47825;1068,2548125;-2,857;1019,956;0;48,2988125;49,26478875;37,836;38,3286478875
09.03.2024;6,39558333333333;1058,2418125;0,604;1010,559;0;47,6828125000001;48,6364687500001;37,836;38,3223646875
10.03.2024;6,57968749999999;1051,69297916666;4,874;1001,916;0;49,7769791666665;50,7725187499999;37,836;38,3437251875
11.03.2024;6,8334375;1051,30333333333;8,803;995,653;0;55,6503333333332;56,7633399999999;37,836;38,4036334
12.03.2024;6,719875;1059,6049375;1,367;1005,548;0;54,0569375;55,13807625;37,836;38,3873807625
13.03.2024;7,32833333333333;1063,0920625;8,908;1010,218;0;52,8740625000001;53,9315437500001;37,836;38,3753154375
14.03.2024;7,50197916666666;1061,5968125;3,962;1010,554;0,26;51,0428124999999;52,0636687499999;37,836;38,3566366875
15.03.2024;7,84775;1056,68275;5,302;1006,816;0;49,8667499999999;50,8640849999999;37,836;38,34464085
16.03.2024;8,35270833333333;1059,6923125;12,253;1004,145;4,76;55,5473125;56,65825875;37,836;38,4025825875
17.03.2024;7,79195833333333;1069,373625;3,854;1015,392;0;53,9816249999998;55,0612574999998;37,836;38,386612575
18.03.2024;7,73125;1068,45485416666;-1,148;1018,821;0;49,6338541666665;50,6265312499998;37,836;38,3422653125
19.03.2024;7,95991666666666;1069,18589583333;-4,524;1018,066;0;51,1198958333334;52,1422937500001;37,836;38,3574229375
20.03.2024;8,28272916666666;1066,84339583333;3,477;1016,687;0;50,1563958333332;51,1595237499999;37,836;38,3475952375
21.03.2024;8,3909375;1065,54866666666;8,803;1013,735;9,68;51,8136666666667;52,8499400000001;37,836;38,3644994
22.03.2024;8,47854166666666;1062,31039583333;7,695;1016,593;12,6;45,7173958333334;46,63174375;37,836;38,3023174375
23.03.2024;8,67110416666666;1053,73264583333;8,382;1003,248;26,8;50,4846458333333;51,49433875;37,836;38,3509433875
24.03.2024;8,1656875;1049,86352083333;2,343;999,403;7,2;50,4605208333332;51,4697312499999;37,836;38,3506973125
25.03.2024;8,21283333333333;1051,93502083333;4,981;992,413;3,78;59,5220208333332;60,7124612499999;37,836;38,4431246125
26.03.2024;8,36420833333333;1050,00166666666;0,332;1001,135;0,02;48,8666666666667;49,8440000000001;37,836;38,33444
27.03.2024;9,1360625;1038,5543125;6,315;987,41;0;51,1443124999999;52,1671987499999;37,836;38,3576719875
28.03.2024;9,09991666666666;1036,842375;9,224;980,041;0;56,8013749999998;57,9374024999998;37,836;38,415374025
29.03.2024;8,96125;1048,43591666666;8,012;992,074;0,18;56,3619166666666;57,4891549999999;37,836;38,41089155
30.03.2024;10,112375;1048,7244375;8,75;996,585;0;52,1394374999999;53,1822262499999;37,836;38,3678222625
31.03.2024;10,9001041666666;1046,37554166666;11,056;992,841;0;53,5345416666665;54,6052324999998;37,836;38,382052325
01.04.2024;11,234625;1043,40047916666;8,223;991,933;0;51,4674791666666;52,4968287499999;37,836;38,3609682875
02.04.2024;10,5513333333333;1049,96708333333;10,534;993,374;2,6;56,5930833333332;57,7249449999998;37,836;38,41324945
03.04.2024;10,6845833333333;1054,28070833333;9,959;998,948;9,78;55,3327083333334;56,4393625000001;37,836;38,400393625
04.04.2024;10,91425;1055,64872916666;9,224;1002,266;6,58;53,3827291666667;54,4503837500001;37,836;38,3805038375
05.04.2024;11,2496041666666;1059,7185625;10,325;1004,703;9,68;55,0155624999999;56,1158737499999;37,836;38,3971587375
06.04.2024;11,9939791666666;1062,9284375;12,356;1007,243;0;55,6854374999999;56,7991462499999;37,836;38,4039914625
07.04.2024;13,0786875;1062,40116666666;12,667;1008,174;0;54,2271666666667;55,3117100000001;37,836;38,3891171
08.04.2024;14,817875;1058,30322916666;13,959;1007,943;0;50,3602291666666;51,3674337499999;37,836;38,3496743375
09.04.2024;15,7351041666666;1055,62339583333;14,679;1002,129;0,14;53,4943958333334;54,5642837500001;37,836;38,3816428375
10.04.2024;14,7874791666666;1071,48254166666;12,46;1010,957;4,36;60,5255416666665;61,7360524999998;37,836;38,453360525
11.04.2024;14,3932916666666;1078,01866666666;4,338;1026,015;0;52,0036666666665;53,0437399999998;37,836;38,3664374
12.04.2024;14,5905833333333;1075,6526875;13,03;1026,286;0;49,3666874999999;50,3540212499998;37,836;38,3395402125
13.04.2024;14,9164166666666;1068,98225;14,062;1019,984;0;48,9982499999999;49,9782149999999;37,836;38,33578215
14.04.2024;15,1388541666666;1062,36072916666;15,908;1010,261;0;52,0997291666667;53,14172375;37,836;38,3674172375
15.04.2024;14,9142916666666;1053,17364583333;5,569;1009,798;6,68;43,3756458333332;44,2431587499999;37,836;38,2784315875
16.04.2024;14,2150833333333;1045,51935416666;5,676;992,462;3,02;53,0573541666665;54,1185012499998;37,836;38,3771850125
17.04.2024;13,5954375;1052,8234375;4,552;999,022;0,28;53,8014374999999;54,8774662499999;37,836;38,3847746625
18.04.2024;13,1164166666666;1059,04435416666;1,747;1006,321;0,04;52,7233541666665;53,7778212499999;37,836;38,3737782125
19.04.2024;12,6454583333333;1050,9139375;6,102;1007,93;9,86;42,9839375;43,84361625;37,836;38,2744361625
20.04.2024;12,2034166666666;1057,91060416666;5,569;997,58;2,46;60,3306041666666;61,5372162499999;37,836;38,4513721625
21.04.2024;11,7259583333333;1067,73833333333;-1,753;1015,482;0;52,2563333333334;53,3014600000001;37,836;38,3690146
22.04.2024;11,2864791666666;1068,72158333333;0,058;1019,335;3,04;49,3865833333331;50,3743149999998;37,836;38,33974315
23.04.2024;11,0475;1063,5515625;1,258;1017,601;0;45,9505625;46,86957375;37,836;38,3046957375
24.04.2024;10,990875;1052,35589583333;2,722;1007,251;1,76;45,1048958333333;46,00699375;37,836;38,2960699375
25.04.2024;10,7864166666666;1049,08385416666;0,659;1000,057;1,7;49,0268541666666;50,00739125;37,836;38,3360739125
26.04.2024;11,1212291666666;1051,736875;3,693;1001,682;0;50,054875;51,0559725;37,836;38,346559725
27.04.2024;12,3085625;1055,42514583333;2,668;1003,752;0;51,6731458333333;52,70660875;37,836;38,3630660875
28.04.2024;13,5703958333333;1057,81366666666;7,906;1007,34;0;50,4736666666666;51,4831399999999;37,836;38,3508314
29.04.2024;15,372375;1065,71191666666;12,045;1011,417;0,38;54,2949166666666;55,3808149999999;37,836;38,38980815
30.04.2024;16,7899791666666;1062,76422916666;12,978;1016,576;0;46,1882291666668;47,1119937500001;37,836;38,3071199375
01.05.2024;17,5541041666666;1056,29447916666;14,884;1009,749;0;46,5454791666666;47,4763887499999;37,836;38,3107638875
02.05.2024;18,0924791666666;1050,0568125;15,397;1002,745;0;47,3118124999999;48,2580487499999;37,836;38,3185804875
03.05.2024;18,7680833333333;1052,46654166666;16,01;1000,024;0,02;52,4425416666666;53,4913925;37,836;38,370913925
04.05.2024;18,89825;1058,199375;12,149;1008,703;0;49,4963749999999;50,4863024999999;37,836;38,340863025
05.05.2024;19,4009375;1052,10547916666;14,319;1005,958;0,24;46,1474791666668;47,0704287500001;37,836;38,3067042875
06.05.2024;18,66775;1052,1041875;8,329;1002,717;0;49,3871875;50,37493125;37,836;38,3397493125
07.05.2024;18,1118333333333;1059,75958333333;9,906;1006,207;0;53,5525833333332;54,6236349999999;37,836;38,38223635
08.05.2024;17,71325;1067,46216666666;9,066;1016,868;0;50,5941666666666;51,6060499999999;37,836;38,3520605
09.05.2024;18,096;1068,03529166666;7,642;1021,352;0;46,6832916666668;47,6169575000001;37,836;38,312169575
10.05.2024;18,2820833333333;1065,46595833333;9,224;1017,946;0;47,5199583333334;48,4703575;37,836;38,320703575
11.05.2024;19,0695;1065,35347916666;13,546;1016,914;0;48,4394791666668;49,4082687500001;37,836;38,3300826875
12.05.2024;18,9531666666666;1064,82116666666;11,161;1017,573;0;47,2481666666666;48,1931299999999;37,836;38,3179313
13.05.2024;19,1106041666666;1059,950875;9,539;1014,667;0;45,2838749999999;46,1895524999999;37,836;38,297895525
14.05.2024;19,3536041666666;1055,91627083333;11,889;1009,629;0;46,2872708333333;47,2130162499999;37,836;38,3081301625
15.05.2024;19,3942708333333;1054,515375;13,598;1007,565;0;46,9503749999998;47,8893824999998;37,836;38,314893825
16.05.2024;19,3923958333333;1052,84747916666;15,959;1007,341;0;45,5064791666665;46,4166087499998;37,836;38,3001660875
17.05.2024;19,4049583333333;1051,5496875;14,679;1006,006;0;45,5436875000001;46,4545612500001;37,836;38,3005456125
18.05.2024;19,3110625;1051,04360416666;14,884;1005,209;0,54;45,8346041666667;46,75129625;37,836;38,3035129625
19.05.2024;19,7509375;1050,21529166666;13,495;1004,796;5,64;45,4192916666665;46,3276774999999;37,836;38,299276775
20.05.2024;19,7637708333333;1052,14714583333;10,325;1004,467;0,04;47,6801458333333;48,6337487499999;37,836;38,3223374875
21.05.2024;20,2218333333333;1051,63835416666;13,03;1007,181;0;44,4573541666666;45,3465012499999;37,836;38,2894650125
22.05.2024;20,5229166666666;1047,88460416666;20,812;1001,988;20,71;45,8966041666667;46,81453625;37,836;38,3041453625
23.05.2024;20,3555833333333;1054,21622916666;15,243;1004,312;0,57;49,9042291666665;50,9023137499999;37,836;38,3450231375
24.05.2024;21,2341458333333;1059,06483333333;14,473;1011,721;1,18;47,3438333333333;48,29071;37,836;38,3189071
25.05.2024;22,3671458333333;1059,14333333333;16,163;1010,945;0;48,1983333333331;49,1622999999998;37,836;38,327623
26.05.2024;23,1236666666666;1059,972;14,679;1012,059;0;47,913;48,87126;37,836;38,3247126
27.05.2024;22,9465416666666;1058,67945833333;16,673;1011,983;1,26;46,6964583333333;47,6303875;37,836;38,312303875
28.05.2024;22,3436875;1058,48345833333;15,755;1008,705;6,36;49,7784583333333;50,7740275;37,836;38,343740275
29.05.2024;21,9799166666666;1056,1995;11,213;1011,537;0,04;44,6624999999999;45,5557499999999;37,836;38,2915575
30.05.2024;22,1547916666666;1048,71827083333;15,089;1003,136;2,21999999999999;45,5822708333332;46,4939162499999;37,836;38,3009391625
31.05.2024;21,8734166666666;1049,79352083333;14,987;998,428;0,08;51,3655208333333;52,39283125;37,836;38,3599283125
01.06.2024;22,4769583333333;1053,13941666666;16,163;1003,376;2,36;49,7634166666666;50,758685;37,836;38,34358685
02.06.2024;22,3415625;1058,9920625;16,01;1005,794;0,31;53,1980624999999;54,2620237499999;37,836;38,3786202375
03.06.2024;21,4723958333333;1062,89664583333;16,622;1010,644;0;52,2526458333331;53,2976987499998;37,836;38,3689769875
04.06.2024;20,8191458333333;1060,11514583333;12,512;1010,167;0;49,9481458333333;50,94710875;37,836;38,3454710875
05.06.2024;20,4876041666666;1056,29070833333;10,795;1005,055;6,07;51,2357083333332;52,2604224999999;37,836;38,358604225
06.06.2024;20,5822291666666;1062,00258333333;12,978;1008,68;0,02;53,3225833333332;54,3890349999998;37,836;38,37989035
07.06.2024;20,7266666666666;1062,19433333333;12,978;1011,043;0;51,1513333333333;52,17436;37,836;38,3577436
08.06.2024;20,8797291666666;1056,07029166666;8,645;1010,911;0;45,1592916666667;46,0624775;37,836;38,296624775
09.06.2024;20,7589583333333;1052,1905625;15,704;1002,448;0;49,7425624999999;50,7374137499999;37,836;38,3433741375
10.06.2024;20,6145625;1049,65716666666;9,119;1001,344;2,67;48,3131666666665;49,2794299999999;37,836;38,3287943
11.06.2024;20,1725416666666;1052,55164583333;11,941;999,295;0,14;53,2566458333334;54,3217787500001;37,836;38,3792177875
12.06.2024;19,4771458333333;1058,99222916666;7,853;1009,877;0;49,1152291666667;50,09753375;37,836;38,3369753375
13.06.2024;19,238875;1059,59527083333;7,801;1011,754;0;47,8412708333331;48,7980962499998;37,836;38,3239809625
14.06.2024;19,1781666666666;1055,80174999999;9,014;1010,621;0,06;45,1807499999998;46,0843649999998;37,836;38,29684365
15.06.2024;19,1019791666666;1049,5548125;10,9;1003,947;2,15;45,6078125;46,51996875;37,836;38,3011996875
16.06.2024;19,5493958333333;1051,96595833333;10,43;1004,587;0,2;47,3789583333334;48,3265375000001;37,836;38,319265375
17.06.2024;20,24925;1054,08358333333;15,243;1004,832;6,82999999999999;49,2515833333333;50,2366149999999;37,836;38,33836615
18.06.2024;21,4912083333333;1056,27785416666;14,01;1008,761;5,92;47,5168541666666;48,46719125;37,836;38,3206719125
19.06.2024;21,4091458333333;1057,71877083333;16,775;1004,487;1,02;53,2317708333333;54,29640625;37,836;38,3789640625
20.06.2024;21,271125;1064,5694375;13,03;1014,745;0,01;49,8244375;50,82092625;37,836;38,3442092625
21.06.2024;22,3689583333333;1057,38658333333;17,029;1012,79;7,36;44,5965833333332;45,4885149999998;37,836;38,29088515
22.06.2024;22,0708125;1055,68885416666;19,558;1002,262;12,42;53,4268541666667;54,4953912500001;37,836;38,3809539125
23.06.2024;21,6896666666666;1063,12935416666;16,367;1007,12;0;56,0093541666666;57,1295412499999;37,836;38,4072954125
24.06.2024;22,8573958333333;1066,34297916666;13,959;1013,854;0;52,4889791666666;53,53875875;37,836;38,3713875875
25.06.2024;23,7887083333333;1064,56475;15,755;1014,62;0;49,94475;50,943645;37,836;38,34543645
26.06.2024;24,2625416666666;1058,72014583333;18,044;1010,228;0;48,4921458333334;49,4619887500001;37,836;38,3306198875
27.06.2024;25,5758541666666;1054,11947916666;22,259;1004,656;2,6;49,4634791666667;50,45274875;37,836;38,3405274875
28.06.2024;25,3295208333333;1058,06983333333;19,457;1003,465;2,63;54,6048333333332;55,6969299999998;37,836;38,3929693
29.06.2024;25,6271666666666;1062,88202083333;14,165;1011,922;0,02;50,9600208333333;51,97922125;37,836;38,3557922125
30.06.2024;26,0087083333333;1051,99310416666;22,558;1001,656;8,47;50,3371041666666;51,34384625;37,836;38,3494384625
01.07.2024;24,9216875;1057,95425;16,775;1003,351;4,85;54,60325;55,695315;37,836;38,39295315
02.07.2024;23,6236666666666;1057,88510416666;13,03;1005,337;1,46;52,5481041666666;53,59906625;37,836;38,3719906625
03.07.2024;22,5521041666666;1055,48464583333;14,062;1002,865;0;52,6196458333333;53,67203875;37,836;38,3727203875
04.07.2024;21,847875;1053,005125;13,649;1001,764;3,31;51,2411249999999;52,2659474999998;37,836;38,358659475
05.07.2024;21,4122708333333;1056,12102083333;10,639;1003,977;0;52,1440208333334;53,1869012500001;37,836;38,3678690125
06.07.2024;22,0528333333333;1051,00716666666;12,926;1003,893;7,75;47,1141666666665;48,0564499999998;37,836;38,3165645
07.07.2024;21,9893958333333;1058,06033333333;18,651;1001,068;0;56,9923333333333;58,13218;37,836;38,4173218
08.07.2024;22,2048125;1062,29185416666;11,993;1009,939;0;52,3528541666665;53,3999112499999;37,836;38,3699991125
09.07.2024;23,8695625;1062,662125;17,993;1013,338;0;49,324125;50,3106075;37,836;38,339106075
10.07.2024;24,9030625;1058,84397916666;21,212;1008,919;17,12;49,9249791666667;50,92347875;37,836;38,3452347875
11.07.2024;25,0490416666666;1060,541625;20,06;1009,314;0,44;51,2276250000001;52,2521775000001;37,836;38,358521775
12.07.2024;25,1145208333333;1057,44952083333;18,499;1009,642;6,41;47,8075208333332;48,7636712499998;37,836;38,3236367125
13.07.2024;24,05025;1056,1521875;18,145;1002,114;1,17;54,0381875;55,11895125;37,836;38,3871895125
14.07.2024;23,8312708333333;1058,57627083333;12,771;1007,303;0,01;51,2732708333334;52,29873625;37,836;38,3589873625
15.07.2024;24,493875;1057,58829166666;16,571;1008,075;0;49,5132916666666;50,5035574999999;37,836;38,341035575
16.07.2024;24,7644791666666;1055,222;20,912;1004,668;3,67999999999999;50,5539999999999;51,5650799999999;37,836;38,3516508
17.07.2024;24,1927083333333;1062,0055625;16,163;1008,437;0,06;53,5685624999999;54,6399337499999;37,836;38,3823993375
18.07.2024;24,2334166666666;1066,39316666666;17,283;1016,315;0;50,0781666666666;51,07973;37,836;38,3467973
19.07.2024;25,8013124999999;1063,95758333333;16,978;1016,799;0;47,1585833333333;48,101755;37,836;38,31701755
20.07.2024;26,6786666666666;1056,4165625;18,196;1011,547;0;44,8695625;45,76695375;37,836;38,2936695375
21.07.2024;27,0981458333333;1051,159625;20,311;1004,362;1,02;46,797625;47,7335775;37,836;38,313335775
22.07.2024;25,7407916666666;1056,37991666666;21,062;1002,388;0,62;53,9919166666665;55,0717549999998;37,836;38,38671755
23.07.2024;24,8128333333333;1060,35658333333;13,959;1011,774;8,6;48,5825833333334;49,5542350000001;37,836;38,33154235
24.07.2024;24,3525625;1059,40133333333;17,232;1008,87;0;50,5313333333334;51,5419600000001;37,836;38,3514196
25.07.2024;23,9786666666666;1059,25527083333;16,418;1010,588;0;48,6672708333333;49,6406162499999;37,836;38,3324061625
26.07.2024;23,8389583333333;1055,71395833333;12,305;1007,135;0,01;48,5789583333332;49,5505374999999;37,836;38,331505375
27.07.2024;23,50875;1057,30185416666;16,877;1007,4;5,94;49,9018541666667;50,8998912500001;37,836;38,3449989125
28.07.2024;23,0196458333333;1066,35954166666;18,903;1007,102;27,49;59,2575416666667;60,4426925;37,836;38,440426925
29.07.2024;22,9540833333333;1072,24366666666;15,14;1017,624;0;54,6196666666664;55,7120599999998;37,836;38,3931206
30.07.2024;23,6041458333333;1067,47783333333;12,201;1016,374;0;51,1038333333333;52,12591;37,836;38,3572591
31.07.2024;24,009125;1061,97397916666;15,294;1010,379;0;51,5949791666665;52,6268787499999;37,836;38,3622687875
01.08.2024;25,5440833333333;1059,50858333333;19,608;1007,248;0;52,2605833333332;53,3057949999998;37,836;38,36905795
02.08.2024;25,1203333333333;1057,13189583333;18,651;1004,997;0;52,1348958333334;53,17759375;37,836;38,3677759375
03.08.2024;24,0933125;1057,13572916666;16,622;1005,391;0;51,7447291666666;52,7796237499999;37,836;38,3637962375
04.08.2024;23,634;1058,46827083333;16,112;1005,301;24,8;53,1672708333331;54,2306162499998;37,836;38,3783061625
05.08.2024;23,1460833333333;1062,4508125;16,978;1007,191;0;55,2598124999999;56,3650087499999;37,836;38,3996500875
06.08.2024;24,3005833333333;1062,10725;13,081;1010,172;0;51,9352499999999;52,973955;37,836;38,36573955
07.08.2024;24,7642708333333;1058,6215;15,448;1007,204;29,3;51,4175;52,44585;37,836;38,3604585
08.08.2024;24,2990833333333;1061,82585416666;18,196;1005,583;0,06;56,2428541666666;57,36771125;37,836;38,4096771125
09.08.2024;23,5898958333333;1061,97310416666;13,288;1010,557;2,53;51,4161041666666;52,4444262499999;37,836;38,3604442625
10.08.2024;23,4996666666666;1064,652875;18,651;1010,441;0;54,2118749999999;55,2961124999999;37,836;38,388961125
11.08.2024;23,6267916666666;1066,3658125;17,892;1013,784;0;52,5818124999999;53,6334487499999;37,836;38,3723344875
12.08.2024;24,2378333333333;1062,1795;14,935;1014,304;0;47,8754999999999;48,8330099999999;37,836;38,3243301
13.08.2024;24,8599791666666;1059,18697916666;17,029;1008,719;0;50,4679791666665;51,4773387499998;37,836;38,3507733875
14.08.2024;24,7243333333333;1056,90802083333;17,232;1007,97;4,63;48,9380208333332;49,9167812499998;37,836;38,3351678125
15.08.2024;24,9054375;1058,9886875;20,912;1007,084;0;51,9046875;52,94278125;37,836;38,3654278125
16.08.2024;25,00225;1059,05968749999;17,892;1010,044;0;49,0156874999999;49,9960012499999;37,836;38,3359600125
17.08.2024;26,0303124999999;1056,36989583333;19,608;1007,863;0;48,5068958333331;49,4770337499998;37,836;38,3307703375
18.08.2024;26,2917291666666;1053,58602083333;19,508;1004,568;0,01;49,0180208333333;49,99838125;37,836;38,3359838125
19.08.2024;25,3776041666666;1059,6215625;17,74;1006,547;0;53,0745624999999;54,1360537499999;37,836;38,3773605375
20.08.2024;24,9735;1058,0088125;12,253;1012,463;0;45,5458125;46,45672875;37,836;38,3005672875
21.08.2024;24,5014374999999;1053,85477083333;19,759;1003,074;0,79;50,7807708333333;51,79638625;37,836;38,3539638625
22.08.2024;23,2776666666666;1055,828875;12,926;1010,132;0;45,6968749999999;46,6108124999999;37,836;38,302108125
23.08.2024;23,077125;1051,15389583333;15,55;1004,63;0;46,5238958333333;47,4543737499999;37,836;38,3105437375
24.08.2024;23,6218125;1053,61679166666;21,711;1006,829;0;46,7877916666666;47,7235474999999;37,836;38,313235475
25.08.2024;23,3535416666666;1057,27802083333;22,01;1001,698;0,1;55,5800208333333;56,69162125;37,836;38,4029162125
26.08.2024;22,7462291666666;1063,7539375;11,889;1017,144;0;46,6099374999998;47,5421362499998;37,836;38,3114213625
27.08.2024;23,1378749999999;1064,93104166666;11,993;1017,691;0;47,2400416666666;48,1848425;37,836;38,317848425
28.08.2024;23,3088125;1061,29070833333;13,959;1017,023;0;44,2677083333331;45,1530624999998;37,836;38,287530625
29.08.2024;23,8923541666666;1057,48158333333;20,712;1011,341;0;46,1405833333334;47,0633950000001;37,836;38,30663395
30.08.2024;24,3465208333333;1059,59797916666;19,508;1010,914;0;48,6839791666666;49,6576587499999;37,836;38,3325765875
31.08.2024;24,0093333333333;1065,03685416666;18,398;1017,807;1,32;47,2298541666666;48,1744512499999;37,836;38,3177445125
01.09.2024;23,2713333333333;1061,685375;14,833;1019,15;0;42,535375;43,3860825;37,836;38,269860825
02.09.2024;23,1045416666666;1056,07064583333;13,753;1012,57;0;43,5006458333331;44,3706587499997;37,836;38,2797065875
03.09.2024;23,9680625;1055,1875625;19,155;1009,444;0;45,7435625;46,65843375;37,836;38,3025843375
04.09.2024;24,1639791666666;1054,96822916666;19,709;1009,454;0;45,5142291666666;46,4245137499999;37,836;38,3002451375
05.09.2024;23,4595;1055,3066875;22,11;1009,212;0;46,0946874999999;47,0165812499999;37,836;38,3061658125
06.09.2024;22,8219583333333;1054,9188125;20,862;1010,339;0;44,5798125;45,47140875;37,836;38,2907140875
07.09.2024;23,2519166666666;1053,85754166666;16,622;1009,035;0;44,8225416666665;45,7189924999998;37,836;38,293189925
08.09.2024;23,887625;1048,767125;20,862;1006,739;0;42,028125;42,8686875;37,836;38,264686875
09.09.2024;23,1455416666666;1040,874125;22,508;996,905;16,85;43,969125;44,8485075;37,836;38,284485075
10.09.2024;21,8882916666666;1047,865625;13,495;998,747;0,59;49,1186250000001;50,1009975000001;37,836;38,337009975
11.09.2024;21,2021041666666;1044,81939583333;13,236;1000,145;0,52;44,6743958333333;45,56788375;37,836;38,2916788375
12.09.2024;20,2703541666666;1052,17345833333;10,952;1002,448;0;49,7254583333334;50,7199675000001;37,836;38,343199675
13.09.2024;19,2054583333333;1057,4303125;6,528;1010,099;10,26;47,3313124999998;48,2779387499998;37,836;38,3187793875
14.09.2024;18,6467708333333;1062,591125;10,273;1013,618;0,22;48,973125;49,9525875000001;37,836;38,335525875
15.09.2024;18,052;1062,03854166666;10,116;1017,407;1,51;44,6315416666665;45,5241724999998;37,836;38,291241725
16.09.2024;17,7589166666666;1061,30710416666;13,443;1013,482;8,27;47,8251041666667;48,78160625;37,836;38,3238160625
17.09.2024;18,0922083333333;1068,36245833333;15,14;1017,151;0;51,2114583333333;52,2356874999999;37,836;38,358356875
18.09.2024;18,735125;1071,4335625;14,679;1023,036;0;48,3975625000001;49,3655137500001;37,836;38,3296551375
19.09.2024;19,0077916666666;1069,628375;15,652;1021,738;0;47,8903749999999;48,8481824999999;37,836;38,324481825
20.09.2024;18,5052083333333;1069,042625;14,062;1020,883;0;48,159625;49,1228175;37,836;38,327228175
21.09.2024;18,3958958333333;1066,34070833333;12,408;1020,305;0;46,0357083333334;46,9564225000001;37,836;38,305564225
22.09.2024;18,5746875;1059,88020833333;11,525;1015,633;0;44,2472083333332;45,1321524999998;37,836;38,287321525
23.09.2024;18,7144791666666;1052,29591666666;11,317;1007,358;0;44,9379166666667;45,836675;37,836;38,29436675
24.09.2024;18,2556041666666;1047,12708333333;13,236;1001,515;6,95;45,6120833333333;46,5243249999999;37,836;38,30124325
25.09.2024;17,7221041666666;1048,48841666666;12,305;998,442;3,82;50,0464166666668;51,0473450000001;37,836;38,34647345
26.09.2024;17,4378958333333;1040,35341666666;11,733;998,534;0,65;41,8194166666666;42,6558049999999;37,836;38,26255805
27.09.2024;17,3526666666666;1041,1313125;15,448;988,813;0,65;52,3183124999999;53,3646787499999;37,836;38,3696467875
28.09.2024;16,8295416666666;1054,21435416666;12,719;994,91;4,48;59,3043541666667;60,49044125;37,836;38,4409044125
29.09.2024;16,0448541666666;1069,26141666666;7,059;1017,487;0;51,7744166666667;52,809905;37,836;38,36409905
30.09.2024;15,3203958333333;1065,57293749999;2,614;1021,76;0;43,8129374999998;44,6891962499998;37,836;38,2828919625
01.10.2024;14,4071875;1055,41241666666;7,906;1011,306;6,64;44,1064166666667;44,988545;37,836;38,28588545
02.10.2024;14,1406458333333;1053,47741666666;9,434;1003,732;2,99;49,7454166666666;50,7403249999999;37,836;38,34340325
03.10.2024;14,1586041666666;1057,719875;9,539;1006,59;1,89;51,1298749999999;52,1524724999999;37,836;38,357524725
04.10.2024;14,0562291666666;1062,00770833333;8,329;1011,451;0,04;50,5567083333332;51,5678424999999;37,836;38,351678425
05.10.2024;13,7944583333333;1062,98037499999;8,382;1014,297;0;48,6833749999998;49,6570424999998;37,836;38,332570425
06.10.2024;13,498125;1058,04858333333;7,271;1011,208;0;46,8405833333334;47,7773950000001;37,836;38,31377395
07.10.2024;13,4281041666666;1051,69258333333;9,171;1004,425;0,12;47,2675833333332;48,2129349999999;37,836;38,31812935
08.10.2024;13,7533541666666;1047,4315;11,369;1001,324;5,55;46,1074999999999;47,0296499999999;37,836;38,3062965
09.10.2024;14,0216874999999;1042,18839583333;15,601;993,296;4,96;48,8923958333332;49,8702437499999;37,836;38,3347024375
10.10.2024;14,2225833333333;1037,38364583333;16,214;984,336;5,02;53,0476458333332;54,1085987499999;37,836;38,3770859875
11.10.2024;13,4958541666666;1057,9381875;8,329;999,743;0,01;58,1951875;59,35909125;37,836;38,4295909125
12.10.2024;13,0541041666666;1063,139375;1,964;1014,942;0,05;48,1973749999999;49,1613224999999;37,836;38,327613225
13.10.2024;13,1412291666666;1051,9028125;9,644;1002,413;3,05;49,4898124999999;50,4796087499999;37,836;38,3407960875
14.10.2024;12,5422083333333;1061,89439583333;9,224;1009,396;0,12;52,4983958333332;53,5483637499999;37,836;38,3714836375
15.10.2024;12,2506041666666;1068,58410416666;7,853;1014,363;0;54,2211041666664;55,3055262499997;37,836;38,3890552625
16.10.2024;11,7777291666666;1068,99354166666;1,312;1021,006;0;47,9875416666667;48,9472925;37,836;38,325472925
17.10.2024;11,6275208333333;1063,30795833333;8,487;1014,605;0;48,7029583333333;49,6770174999999;37,836;38,332770175
18.10.2024;12,0245416666666;1061,88660416666;8,803;1011,988;0;49,8986041666667;50,89657625;37,836;38,3449657625
19.10.2024;12,2633958333333;1062,85052083333;8,54;1010,131;0;52,7195208333333;53,77391125;37,836;38,3737391125
20.10.2024;12,0902916666666;1067,0941875;9,171;1016,61;0;50,4841875;51,49387125;37,836;38,3509387125
21.10.2024;12,0785833333333;1068,30635416666;12,408;1016,616;0,49;51,6903541666667;52,7241612500001;37,836;38,3632416125
22.10.2024;12,2237708333333;1069,5675625;12,356;1017,832;0;51,7355625000001;52,7702737500001;37,836;38,3637027375
23.10.2024;11,6730625;1078,9955625;5,141;1025,852;0;53,1435624999999;54,2064337499999;37,836;38,3780643375
24.10.2024;11,5500416666666;1075,80597916666;2,56;1030,151;0;45,6549791666666;46,5680787499999;37,836;38,3016807875
25.10.2024;11,7947083333333;1066,854875;7,377;1019,591;0;47,2638749999999;48,2091524999999;37,836;38,318091525
26.10.2024;12,0904791666666;1065,55220833333;6,581;1016,106;0;49,4462083333332;50,4351324999999;37,836;38,340351325
27.10.2024;11,70975;1064,02795833333;6,741;1013,12;0,02;50,9079583333333;51,9261175;37,836;38,355261175
28.10.2024;11,4248541666666;1068,47395833333;6,847;1019,518;0,26;48,9559583333332;49,9350774999998;37,836;38,335350775
29.10.2024;11,6051875;1068,5303125;12,823;1017,434;0,4;51,0963125;52,11823875;37,836;38,3571823875
30.10.2024;11,8273958333333;1069,611;12,978;1018,184;0,6;51,4270000000001;52,4555400000001;37,836;38,3605554
31.10.2024;11,8123333333333;1070,40154166666;11,629;1020,388;0;50,0135416666665;51,0138124999999;37,836;38,346138125
01.11.2024;11,7854166666666;1065,2303125;12,408;1016,333;0,08;48,8973125000001;49,8752587500001;37,836;38,3347525875
02.11.2024;11,49175;1073,87774999999;10,743;1015,436;0,7;58,4417499999998;59,6105849999998;37,836;38,43210585
03.11.2024;10,5968333333333;1075,54329166666;-1,863;1029,142;0;46,4012916666665;47,3293174999998;37,836;38,309293175
04.11.2024;10,5979166666666;1074,86564583333;5,782;1023,439;0,3;51,4266458333332;52,4551787499999;37,836;38,3605517875
05.11.2024;10,5524166666666;1072,60954166666;8,54;1024,728;0;47,8815416666666;48,8391724999999;37,836;38,324391725
06.11.2024;10,0068541666666;1075,0734375;4,177;1021,828;0,08;53,2454374999999;54,3103462499999;37,836;38,3791034625
07.11.2024;9,60672916666666;1079,22966666666;4,015;1029,019;0,19;50,2106666666666;51,2148799999999;37,836;38,3481488
08.11.2024;9,13947916666666;1078,1249375;4,069;1029,927;0;48,1979375;49,16189625;37,836;38,3276189625
09.11.2024;8,44897916666666;1074,66220833333;4,713;1025,856;0;48,8062083333334;49,7823325;37,836;38,333823325
10.11.2024;7,8588125;1073,91733333333;1,421;1023,809;0;50,1083333333333;51,1105;37,836;38,347105
11.11.2024;7,7185;1073,11402083333;0,986;1024,536;0;48,5780208333333;49,5495812499999;37,836;38,3314958125
12.11.2024;7,51110416666666;1076,63579166666;4,015;1023,92;0,05;52,7157916666666;53,7701074999999;37,836;38,373701075
13.11.2024;7,45152083333333;1073,63502083333;3,154;1026,724;0,44;46,9110208333333;47,84924125;37,836;38,3144924125
14.11.2024;7,28241666666666;1067,2821875;2,343;1021,049;0,68;46,2331874999999;47,1578512499999;37,836;38,3075785125
15.11.2024;7,31766666666666;1068,28052083333;6,687;1017,641;0;50,6395208333334;51,6523112500001;37,836;38,3525231125
16.11.2024;7,31225;1062,416375;8,487;1016,589;0;45,8273749999999;46,7439224999999;37,836;38,303439225
17.11.2024;7,11872916666666;1051,02375;5,996;1004,321;3,88;46,70275;47,636805;37,836;38,31236805
18.11.2024;6,814875;1050,65779166666;5,248;999,824;0;50,8337916666668;51,8504675000001;37,836;38,354504675
19.11.2024;6,20345833333333;1041,337625;1,638;1002,389;22,95;38,9486249999998;39,7275974999998;37,836;38,233275975
20.11.2024;6,075375;1040,785375;1,475;982,809;2,02;57,9763749999999;59,1359024999999;37,836;38,427359025
21.11.2024;5,69758333333333;1043,75625;1,204;991,242;0,19;52,5142500000001;53,5645350000001;37,836;38,37164535
22.11.2024;5,24446666666666;1042,66306666666;-1,698;987,459;0,07;55,2040666666667;56,3081480000001;37,836;38,39908148
